Timestamp (us),X Axis (g),Y Axis (g),Z Axis (g)
9094968901,0.103034,0.781954,-0.364118
9094989358,-0.092966,0.830954,-0.364118
9095009816,0.005034,0.781954,-0.413118
9095030280,-0.043966,0.732954,-0.364118
9095050731,0.054034,0.830954,-0.413118
9095071189,0.054034,0.781954,-0.315118
9095091647,0.054034,0.781954,-0.462118
9095112106,0.005034,0.830954,-0.364118
9095132564,0.005034,0.781954,-0.364118
9095153023,0.005034,0.732954,-0.462118
9095173483,0.005034,0.781954,-0.413118
9095193943,0.054034,0.781954,-0.413118
9095214402,0.054034,0.732954,-0.462118
9095234863,0.005034,0.781954,-0.511118
9095255317,-0.092966,0.781954,-0.413118
9095275775,0.054034,0.781954,-0.315118
9095296233,0.005034,0.879954,-0.413118
9095316691,0.054034,0.830954,-0.413118
9095337148,0.005034,0.781954,-0.364118
9095357605,0.054034,0.732954,-0.462118
9095378063,0.054034,0.781954,-0.364118
9095398520,-0.043966,0.781954,-0.462118
9095418977,0.054034,0.781954,-0.364118
9095439434,0.005034,0.830954,-0.364118
9095459891,0.005034,0.732954,-0.413118
9095480349,-0.092966,0.781954,-0.413118
9095500806,0.005034,0.732954,-0.364118
9095521264,0.103034,0.830954,-0.315118
9095541722,0.005034,0.781954,-0.364118
9095562179,0.005034,0.830954,-0.364118
9095582638,0.005034,0.781954,-0.364118
9095603095,0.054034,0.781954,-0.462118
9095623552,0.005034,0.781954,-0.462118
9095644009,-0.043966,0.830954,-0.413118
9095664467,0.054034,0.830954,-0.364118
9095684924,0.054034,0.732954,-0.413118
9095705381,-0.043966,0.830954,-0.413118
9095725838,0.054034,0.830954,-0.364118
9095746296,0.005034,0.732954,-0.364118
9095766754,0.005034,0.879954,-0.364118
9095787211,0.103034,0.781954,-0.413118
9095807668,0.005034,0.830954,-0.413118
9095828125,0.054034,0.879954,-0.462118
9095848582,0.201034,0.781954,-0.413118
9095869039,0.103034,0.781954,-0.511118
9095889496,-0.043966,0.781954,-0.560118
9095909954,-0.043966,0.830954,-0.511118
9095930411,0.005034,0.781954,-0.413118
9095950869,0.103034,0.830954,-0.217118
9095971326,0.103034,0.732954,-0.315118
9095991782,0.201034,0.781954,-0.413118
9096012240,0.103034,0.830954,-0.511118
9096032698,0.054034,0.732954,-0.658118
9096053155,0.201034,0.781954,-0.609118
9096073613,0.250034,0.781954,-0.511118
9096094071,0.152034,0.781954,-0.560118
9096114528,0.201034,0.781954,-0.511118
9096134985,0.103034,0.732954,-0.658118
9096155442,0.054034,0.634954,-0.707118
9096175898,0.103034,0.683954,-0.707118
9096196354,0.103034,0.781954,-0.609118
9096216810,0.103034,0.732954,-0.756118
9096237268,0.201034,0.585954,-0.854118
9096257725,0.103034,0.536954,-0.903118
9096278190,0.103034,0.585954,-0.854118
9096298640,0.201034,0.536954,-0.854118
9096319097,0.152034,0.487954,-0.756118
9096339554,0.201034,0.585954,-0.707118
9096360010,0.152034,0.389954,-0.658118
9096380470,0.152034,0.487954,-0.609118
9096400925,0.250034,0.340954,-0.609118
9096421383,0.299034,0.291954,-0.560118
9096441841,0.299034,0.340954,-0.560118
9096462298,0.250034,0.340954,-0.707118
9096482755,0.299034,0.144954,-0.707118
9096503211,0.201034,0.291954,-0.413118
9096523669,0.348034,0.193954,-0.168118
9096544126,0.348034,0.193954,-0.266118
9096564584,0.250034,0.242954,-0.364118
9096585041,0.250034,0.242954,-0.511118
9096605499,0.201034,0.291954,-0.560118
9096625957,0.299034,0.340954,-0.560118
9096646415,0.250034,0.438954,-0.560118
9096666872,0.250034,0.585954,-0.560118
9096687330,0.348034,0.634954,-0.511118
9096707788,0.348034,0.781954,-0.560118
9096728246,0.397034,0.928954,-0.609118
9096748703,0.495034,0.879954,-0.658118
9096769160,0.544034,0.928954,-0.511118
9096789618,0.544034,1.026954,-0.511118
9096810075,0.544034,1.173954,-0.266118
9096830533,0.495034,1.271954,-0.119118
9096850990,0.495034,1.222954,0.174882
9096871448,0.544034,1.075954,0.468882
9096891905,0.397034,1.026954,0.468882
9096912363,0.348034,1.075954,0.566882
9096932821,0.299034,1.173954,0.566882
9096953278,0.544034,0.928954,0.566882
9096973734,0.446034,0.683954,0.419882
9096994192,0.348034,0.634954,0.272882
9097035105,0.397034,0.438954,0.419882
9097055562,0.446034,0.340954,0.370882
9097076018,0.397034,0.389954,0.272882
9097096474,0.397034,0.242954,0.223882
9097116932,0.348034,0.193954,0.272882
9097137390,0.299034,0.144954,0.321882
9097157847,0.348034,0.046954,0.174882
9097178305,0.348034,-0.002046,0.174882
9097198763,0.446034,0.095954,0.125882
9097219220,0.397034,0.046954,0.076882
9097239679,0.299034,0.193954,0.321882
9097260136,0.348034,0.144954,0.272882
9097280595,0.250034,0.095954,0.370882
9097301053,0.348034,0.193954,0.321882
9097321511,0.250034,0.340954,0.174882
9097341970,0.201034,0.634954,0.321882
9097362428,0.299034,0.683954,0.419882
9097382886,0.446034,0.683954,0.321882
9097403343,0.397034,0.732954,0.174882
9097423801,0.250034,1.075954,0.272882
9097444259,0.446034,1.369954,0.174882
9097464717,0.593034,1.320954,0.027882
9097485174,0.544034,1.173954,-0.168118
9097505632,0.446034,1.320954,-0.119118
9097526107,0.495034,1.467954,-0.413118
9097546548,0.446034,1.516954,-0.609118
9097567006,0.593034,1.369954,-0.658118
9097587464,0.446034,1.271954,-0.560118
9097607922,0.495034,1.222954,-0.560118
9097628381,0.446034,1.075954,-0.658118
9097648837,0.348034,0.928954,-0.511118
9097669295,0.348034,0.781954,-0.462118
9097689753,0.299034,0.634954,-0.560118
9097710210,0.201034,0.487954,-0.707118
9097730666,0.299034,0.340954,-0.805118
9097751124,0.397034,0.389954,-0.707118
9097771582,0.348034,0.291954,-0.511118
9097792039,0.348034,0.193954,-0.511118
9097812496,0.299034,0.144954,-0.462118
9097832954,0.299034,0.046954,-0.511118
9097853412,0.250034,-0.002046,-0.511118
9097873870,0.201034,-0.051046,-0.462118
9097894328,0.250034,-0.002046,-0.364118
9097914786,0.250034,-0.002046,-0.413118
9097935242,0.299034,-0.051046,-0.364118
9097955700,0.201034,-0.051046,-0.413118
9097976158,0.299034,-0.051046,-0.413118
9097996615,0.250034,-0.002046,-0.364118
9098017073,0.348034,-0.002046,-0.364118
9098037529,0.299034,0.095954,-0.266118
9098057985,0.397034,0.193954,-0.364118
9098078442,0.495034,0.340954,-0.560118
9098098899,0.495034,0.340954,-0.707118
9098119356,0.495034,0.340954,-0.707118
9098139813,0.495034,0.487954,-0.756118
9098160271,0.495034,0.585954,-0.707118
9098180728,0.593034,0.585954,-0.560118
9098201185,0.544034,0.781954,-0.462118
9098221642,0.446034,1.075954,-0.560118
9098242099,0.446034,1.222954,-0.707118
9098262556,0.593034,1.124954,-0.364118
9098283011,0.544034,1.222954,-0.070118
9098303468,0.544034,1.418954,0.027882
9098323925,0.593034,1.663954,0.125882
9098344381,0.642034,1.467954,0.174882
9098364838,0.593034,1.320954,0.370882
9098385295,0.544034,1.173954,0.468882
9098405752,0.593034,1.320954,0.419882
9098426208,0.544034,0.977954,0.272882
9098446664,0.544034,0.585954,0.223882
9098467120,0.593034,0.438954,0.076882
9098487576,0.544034,0.242954,-0.070118
9098508034,0.446034,0.291954,0.174882
9098528491,0.397034,0.193954,0.125882
9098548948,0.250034,0.144954,0.174882
9098569405,0.299034,0.144954,0.076882
9098589861,0.250034,0.144954,-0.021118
9098610318,0.299034,0.095954,0.076882
9098630774,0.348034,0.046954,0.076882
9098651231,0.299034,-0.051046,-0.070118
9098671688,0.201034,0.046954,-0.021118
9098692145,0.201034,0.095954,0.174882
9098712601,0.201034,0.193954,0.321882
9098733058,0.201034,0.242954,0.468882
9098753516,0.299034,0.291954,0.468882
9098774010,0.152034,0.487954,0.566882
9098794432,0.250034,0.683954,0.566882
9098814890,0.593034,0.732954,0.517882
9098835347,0.642034,0.732954,0.076882
9098855805,0.446034,0.879954,-0.119118
9098876265,0.299034,1.418954,-0.266118
9098917177,0.642034,1.565954,-0.119118
9098937635,0.642034,1.467954,-0.119118
9098958091,0.544034,1.565954,-0.217118
9098978550,0.544034,1.614954,-0.462118
9098999008,0.642034,1.565954,-0.560118
9099019465,0.593034,1.369954,-0.560118
9099039923,0.495034,1.124954,-0.560118
9099060380,0.446034,0.928954,-0.658118
9099080837,0.397034,0.830954,-0.658118
9099101294,0.397034,0.781954,-0.560118
9099121752,0.397034,0.634954,-0.609118
9099142209,0.348034,0.487954,-0.609118
9099162666,0.201034,0.389954,-0.560118
9099183123,0.348034,0.340954,-0.462118
9099203580,0.446034,0.242954,-0.560118
9099224037,0.250034,0.095954,-0.413118
9099244494,0.299034,0.095954,-0.315118
9099264951,0.397034,0.046954,-0.266118
9099285407,0.348034,-0.002046,-0.364118
9099305864,0.299034,-0.051046,-0.462118
9099326321,0.348034,-0.100046,-0.413118
9099346778,0.299034,-0.100046,-0.315118
9099367235,0.299034,-0.051046,-0.266118
9099387692,0.201034,-0.051046,-0.364118
9099408149,0.397034,-0.100046,-0.462118
9099428607,0.495034,-0.051046,-0.413118
9099449063,0.348034,-0.002046,-0.364118
9099469520,0.348034,0.046954,-0.462118
9099489977,0.348034,0.095954,-0.462118
9099510433,0.446034,0.242954,-0.511118
9099530890,0.544034,0.095954,-0.609118
9099551346,0.397034,0.144954,-0.609118
9099571801,0.446034,0.291954,-0.511118
9099592258,0.446034,0.487954,-0.462118
9099612715,0.642034,0.585954,-0.609118
9099633172,0.446034,0.732954,-0.707118
9099653629,0.348034,0.683954,-0.903118
9099674085,0.495034,0.830954,-0.658118
9099694541,0.544034,1.026954,-0.413118
9099714997,0.348034,1.075954,-0.364118
9099735454,0.593034,1.418954,-0.168118
9099755911,0.495034,1.663954,0.027882
9099776368,0.593034,1.565954,0.174882
9099796824,0.593034,1.418954,0.468882
9099817281,0.593034,1.369954,0.517882
9099837738,0.593034,1.418954,0.321882
9099858196,0.593034,1.173954,0.223882
9099878654,0.495034,0.830954,0.321882
9099899111,0.446034,0.683954,0.517882
9099919591,0.397034,0.585954,0.321882
9099940027,0.544034,0.389954,0.076882
9099960485,0.397034,0.144954,0.076882
9099980942,0.299034,0.144954,0.174882
9100001399,0.299034,0.242954,0.272882
9100021861,0.397034,0.291954,0.272882
9100042314,0.250034,0.193954,0.076882
9100062771,0.250034,0.046954,0.076882
9100083228,0.348034,0.193954,0.223882
9100103686,0.397034,0.046954,0.125882
9100124144,0.348034,0.095954,0.125882
9100144603,0.250034,0.095954,0.174882
9100165061,0.201034,0.144954,0.125882
9100185519,0.152034,0.144954,0.076882
9100205978,0.103034,0.291954,0.223882
9100226436,0.348034,0.536954,0.566882
9100246893,0.348034,0.536954,0.370882
9100267351,0.201034,0.683954,0.272882
9100287807,0.152034,0.732954,0.272882
9100308264,0.397034,1.075954,0.321882
9100328721,0.495034,1.369954,0.272882
9100349179,0.446034,1.320954,-0.021118
9100369636,0.397034,1.320954,-0.266118
9100390093,0.348034,1.418954,-0.266118
9100410550,0.397034,1.761954,-0.119118
9100431008,0.495034,1.712954,-0.266118
9100451466,0.544034,1.467954,-0.119118
9100471924,0.397034,1.271954,-0.168118
9100492381,0.152034,1.271954,-0.413118
9100512839,0.446034,1.124954,-0.560118
9100533297,0.544034,0.879954,-0.266118
9100553756,0.593034,0.732954,0.027882
9100574216,0.397034,0.536954,-0.070118
9100594676,0.299034,0.536954,-0.266118
9100615135,0.152034,0.487954,-0.609118
9100635594,0.152034,0.438954,-0.805118
9100656052,0.152034,0.340954,-0.707118
9100676510,0.250034,0.438954,-0.511118
9100696968,0.250034,0.487954,-0.413118
9100717426,0.299034,0.389954,-0.511118
9100737884,0.299034,0.340954,-0.511118
9100758342,0.201034,0.242954,-0.560118
9100778801,0.250034,0.144954,-0.609118
9100799260,0.250034,0.144954,-0.707118
9100819718,0.250034,0.242954,-0.805118
9100840176,0.201034,0.144954,-0.707118
9100860635,0.201034,0.193954,-0.658118
9100881093,0.250034,0.193954,-0.560118
9100901552,0.397034,0.193954,-0.609118
9100922010,0.250034,0.340954,-0.511118
9100942469,0.348034,0.144954,-0.560118
9100962926,0.397034,0.193954,-0.511118
9100983384,0.299034,0.340954,-0.560118
9101003841,0.397034,0.487954,-0.511118
9101024298,0.201034,0.487954,-0.511118
9101044755,0.299034,0.438954,-0.462118
9101065212,0.397034,0.683954,-0.315118
9101085669,0.397034,0.683954,-0.364118
9101106128,0.250034,0.683954,-0.462118
9101126586,0.348034,0.879954,-0.658118
9101147042,0.446034,0.928954,-0.511118
9101167500,0.348034,0.830954,-0.658118
9101187957,0.201034,0.781954,-0.658118
9101208414,0.201034,0.830954,-0.658118
9101228870,0.250034,0.781954,-0.609118
9101249327,0.103034,0.732954,-0.413118
9101269783,0.103034,0.732954,-0.364118
9101290240,0.103034,0.732954,-0.413118
9101310696,0.250034,0.732954,-0.315118
9101331153,0.201034,0.781954,-0.315118
9101351610,0.348034,0.879954,-0.462118
9101372066,0.446034,0.928954,-0.462118
9101392523,0.495034,0.928954,-0.462118
9101412980,0.446034,0.781954,-0.413118
9101433437,0.348034,0.732954,-0.364118
9101453895,0.250034,0.781954,-0.266118
9101474352,0.201034,0.879954,-0.168118
9101494810,0.152034,0.732954,0.027882
9101515268,-0.043966,0.634954,0.027882
9101576641,0.250034,0.928954,0.174882
9101597098,0.201034,0.928954,0.223882
9101617556,0.250034,0.879954,0.027882
9101638013,0.250034,0.928954,-0.119118
9101658471,0.397034,0.928954,-0.070118
9101678928,0.348034,0.977954,0.223882
9101699387,0.348034,0.928954,0.174882
9101719844,0.250034,1.026954,0.027882
9101740301,0.152034,0.830954,0.027882
9101760759,0.299034,0.830954,0.125882
9101781217,0.299034,0.781954,0.076882
9101801675,0.201034,0.879954,-0.070118
9101822132,0.201034,0.879954,-0.168118
9101842589,0.201034,0.732954,-0.217118
9101863047,0.299034,0.683954,-0.217118
9101883504,0.299034,0.634954,-0.266118
9101903962,0.201034,0.683954,-0.266118
9101924420,0.201034,0.830954,-0.266118
9101944879,0.544034,0.879954,-0.168118
9101965336,0.740034,0.781954,-0.119118
9101985794,0.838034,0.683954,-0.609118
9102006251,0.250034,0.585954,-0.707118
9102026708,-0.092966,0.732954,-0.217118
9102047165,0.005034,0.879954,0.027882
9102067625,0.299034,0.879954,0.223882
9102088084,0.348034,0.879954,0.272882
9102108543,0.201034,0.879954,0.027882
9102129000,0.054034,0.879954,-0.266118
9102149458,-0.092966,0.830954,-0.609118
9102169917,-0.043966,0.732954,-0.707118
9102190375,-0.141966,0.879954,-0.511118
9102210833,-0.337966,0.928954,-0.462118
9102231291,-0.386966,0.928954,-0.462118
9102251749,-0.484966,1.173954,-0.609118
9102272207,-0.582966,1.075954,-0.756118
9102292666,-0.827966,1.124954,-0.805118
9102313124,-0.925966,1.173954,-0.805118
9102333583,-1.121966,1.320954,-0.609118
9102354041,-1.268966,1.467954,-0.511118
9102374499,-1.121966,1.761954,-0.511118
9102394957,-0.631966,1.908954,0.664882
9102415415,-0.435966,1.908954,1.497882
9102435874,-0.043966,1.320954,1.154882
9102456333,0.005034,1.222954,0.517882
9102476791,0.005034,1.173954,-0.021118
9102497249,0.005034,0.977954,-0.168118
9102517744,-0.190966,0.879954,0.272882
9102538168,0.005034,0.830954,0.419882
9102558626,0.054034,0.879954,0.321882
9102579084,0.054034,0.830954,0.027882
9102599542,0.005034,0.879954,-0.217118
9102620000,0.103034,0.781954,-0.217118
9102640457,0.152034,0.781954,-0.119118
9102660915,0.299034,0.732954,-0.168118
9102681373,0.250034,0.683954,-0.315118
9102701830,0.152034,0.781954,-0.266118
9102722288,0.152034,0.830954,-0.168118
9102742747,0.250034,0.781954,-0.070118
9102763205,0.250034,0.830954,-0.168118
9102783664,0.348034,0.683954,-0.266118
9102804123,0.348034,0.683954,-0.217118
9102824582,0.299034,0.781954,-0.266118
9102845040,0.201034,0.879954,-0.119118
9102865497,0.201034,0.634954,-0.119118
9102885954,0.201034,0.585954,-0.168118
9102906411,0.103034,0.536954,-0.413118
9102926868,-0.092966,0.683954,-0.609118
9102947325,-0.288966,0.781954,-0.511118
9102967781,-0.288966,0.732954,-0.364118
9102988240,-0.190966,1.026954,-0.217118
9103008698,0.005034,1.271954,-0.413118
9103029157,-0.435966,0.389954,-1.099118
9103049616,-0.533966,0.830954,-1.589118
9103070074,-0.141966,1.810954,-0.266118
9103090530,-0.092966,1.320954,0.027882
9103110988,-0.190966,1.222954,-0.168118
9103131445,-0.386966,0.977954,0.223882
9103151903,-0.484966,1.026954,0.762882
9103172360,-0.092966,1.418954,0.909882
9103192817,0.201034,1.418954,0.958882
9103213275,0.446034,1.124954,0.419882
9103233733,0.201034,1.026954,-0.168118
9103254191,-0.043966,1.026954,-0.119118
9103274650,-0.190966,0.977954,0.370882
9103295108,-0.092966,1.026954,0.811882
9103315566,0.005034,1.075954,0.811882
9103336023,0.005034,1.075954,0.370882
9103356481,0.054034,1.075954,0.125882
9103376940,0.152034,1.075954,0.223882
9103397397,0.152034,1.075954,0.272882
9103417854,0.201034,1.026954,0.125882
9103438312,0.103034,1.173954,0.223882
9103458770,0.152034,1.173954,0.468882
9103479227,0.250034,1.124954,0.370882
9103499684,0.201034,1.173954,0.321882
9103520142,-0.043966,1.173954,0.174882
9103540599,-0.092966,1.173954,0.468882
9103561056,-0.190966,1.173954,0.566882
9103581513,-0.337966,1.369954,0.615882
9103601969,-0.435966,1.271954,0.615882
9103622427,-0.533966,1.271954,0.419882
9103642884,-0.533966,1.271954,0.321882
9103663340,-0.680966,1.320954,0.370882
9103683796,-0.631966,1.271954,0.223882
9103704252,-0.729966,1.467954,0.517882
9103724708,-0.876966,1.418954,0.370882
9103745163,-0.729966,1.320954,0.076882
9103765650,-0.680966,1.369954,0.125882
9103786075,-0.582966,1.467954,0.076882
9103806531,-0.533966,1.271954,-0.168118
9103826988,-0.337966,1.222954,-0.266118
9103847445,-0.386966,1.173954,-0.070118
9103867904,-0.386966,1.026954,0.076882
9103888358,-0.337966,1.075954,-0.119118
9103908815,-0.043966,1.124954,-0.119118
9103929271,0.152034,1.075954,-0.168118
9103949728,0.201034,0.977954,-0.070118
9103970185,0.103034,1.026954,-0.021118
9103990641,0.054034,0.732954,-0.070118
9104011098,0.054034,0.781954,-0.021118
9104031554,0.152034,0.977954,0.174882
9104052011,0.299034,0.977954,0.223882
9104072468,0.397034,0.879954,0.223882
9104092925,0.446034,0.830954,0.174882
9104113382,0.495034,0.928954,0.076882
9104133839,0.446034,0.928954,0.027882
9104154295,0.299034,0.781954,-0.168118
9104174753,0.201034,0.683954,0.321882
9104195212,0.250034,0.585954,0.517882
9104215670,0.103034,0.683954,0.615882
9104236127,0.054034,1.075954,0.419882
9104256584,0.103034,0.928954,0.370882
9104277039,-0.043966,0.683954,0.419882
9104297496,-0.043966,0.634954,0.566882
9104317952,-0.043966,1.026954,0.566882
9104338408,0.054034,1.026954,0.321882
9104358864,0.299034,1.124954,-0.021118
9104379321,0.691034,1.173954,0.076882
9104399778,1.083034,1.124954,1.056882
9104420234,0.201034,0.389954,0.223882
9104440691,-0.190966,0.928954,-0.168118
9104461147,-0.239966,0.977954,0.076882
9104481603,-0.239966,1.026954,-0.070118
9104502059,0.299034,1.075954,-0.021118
9104522515,0.691034,0.977954,0.125882
9104542972,0.838034,0.928954,-0.266118
9104563430,0.789034,0.732954,-0.854118
9104583887,0.691034,0.683954,-0.756118
9104604342,0.740034,0.732954,-0.266118
9104624798,0.740034,0.683954,-0.021118
9104645254,0.593034,0.634954,0.027882
9104665711,0.495034,0.732954,0.027882
9104686168,0.544034,0.732954,0.027882
9104706625,0.544034,0.683954,0.272882
9104727082,0.446034,0.634954,0.370882
9104747539,0.446034,0.683954,0.321882
9104767995,0.397034,0.634954,0.272882
9104788453,0.397034,0.732954,0.419882
9104808909,0.299034,0.634954,0.517882
9104829367,0.299034,0.732954,0.615882
9104849823,0.348034,0.634954,0.468882
9104870279,0.397034,0.683954,0.419882
9104890736,0.446034,0.732954,0.419882
9104911192,0.397034,0.585954,0.370882
9104931649,0.544034,0.732954,0.419882
9104952105,0.397034,0.634954,0.468882
9104972561,0.348034,0.683954,0.468882
9104993019,0.299034,0.536954,0.615882
9105013475,0.250034,0.536954,0.811882
9105033932,0.299034,0.536954,0.713882
9105054389,0.299034,0.438954,0.419882
9105074846,0.201034,0.438954,0.272882
9105095303,0.152034,0.340954,0.321882
9105115761,0.103034,0.438954,0.370882
9105136219,0.201034,0.487954,0.272882
9105156676,0.250034,0.438954,0.125882
9105177133,0.103034,0.536954,-0.021118
9105197590,0.152034,0.781954,-0.070118
9105218046,0.250034,0.830954,-0.119118
9105238503,0.397034,0.879954,-0.119118
9105258960,0.299034,1.026954,-0.070118
9105279418,0.397034,1.075954,-0.217118
9105299876,0.593034,0.977954,-0.070118
9105320333,0.593034,0.879954,0.076882
9105340789,0.397034,0.781954,-0.070118
9105361244,0.299034,1.075954,-0.168118
9105381701,0.250034,1.222954,-0.315118
9105402156,0.397034,1.075954,-0.070118
9105422612,0.348034,0.879954,0.174882
9105443067,0.250034,0.928954,0.468882
9105463523,0.348034,0.977954,0.713882
9105483977,0.250034,1.075954,0.370882
9105504434,0.397034,0.928954,-0.070118
9105524890,0.250034,0.732954,-0.364118
9105545346,0.152034,0.634954,-0.266118
9105565802,0.103034,0.683954,-0.168118
9105586257,0.103034,0.683954,-0.217118
9105606714,0.054034,0.830954,-0.168118
9105627170,0.054034,0.879954,-0.266118
9105647626,0.005034,0.977954,-0.266118
9105668083,0.152034,0.928954,-0.168118
9105688539,0.250034,0.928954,-0.217118
9105708995,0.299034,0.683954,-0.364118
9105729452,0.201034,0.683954,-0.413118
9105749910,0.054034,0.830954,-0.413118
9105770369,0.054034,0.732954,-0.364118
9105790827,0.201034,0.781954,-0.315118
9105811284,0.103034,0.830954,-0.266118
9105831742,0.299034,0.879954,-0.217118
9105852201,0.250034,0.781954,-0.070118
9105872659,0.103034,0.830954,-0.168118
9105893118,0.103034,0.781954,-0.315118
9105913576,0.152034,0.830954,-0.266118
9105934034,0.054034,0.732954,-0.315118
9105954494,0.103034,0.830954,-0.217118
9105974951,0.201034,0.879954,-0.217118
9105995410,0.250034,0.879954,-0.070118
9106015867,0.201034,0.781954,-0.070118
9106036326,0.201034,0.781954,-0.217118
9106056813,0.201034,0.879954,-0.119118
9106077240,0.250034,1.026954,-0.119118
9106097699,0.299034,1.026954,0.125882
9106118157,0.299034,0.830954,0.125882
9106138614,0.348034,0.830954,0.027882
9106159072,0.201034,0.830954,-0.021118
9106179532,0.201034,0.830954,-0.021118
9106199992,0.250034,0.830954,-0.168118
9106220449,0.299034,0.732954,-0.266118
9106240907,0.201034,0.536954,-0.560118
9106261364,-0.043966,0.340954,-0.756118
9106281820,0.103034,0.487954,-0.805118
9106302276,0.495034,0.977954,-0.413118
9106322731,0.887034,0.830954,-0.658118
9106343189,0.446034,0.732954,-0.707118
9106363647,0.446034,0.683954,-0.413118
9106384105,-0.092966,0.879954,-0.217118
9106404564,0.103034,0.879954,-0.119118
9106425022,0.005034,0.634954,-0.168118
9106445480,-0.092966,0.732954,-0.266118
9106465937,-0.043966,0.732954,-0.413118
9106486394,-0.239966,0.781954,-0.854118
9106506851,-0.337966,0.781954,-1.148118
9106527308,-0.337966,0.830954,-1.001118
9106547765,-0.484966,1.026954,-1.001118
9106568221,-0.582966,0.977954,-0.952118
9106588677,-1.023966,1.026954,-0.805118
9106609133,-1.072966,1.075954,-0.609118
9106629589,-1.219966,1.320954,-0.462118
9106650046,-1.023966,1.467954,-0.413118
9106670503,-0.631966,2.006954,0.860882
9106690960,-0.239966,2.055954,1.595882
9106711417,0.152034,1.810954,1.105882
9106731875,0.201034,1.369954,0.321882
9106752331,0.103034,0.977954,-0.462118
9106772787,0.005034,0.830954,-0.756118
9106793245,-0.190966,1.124954,-0.462118
9106813703,-0.190966,1.026954,-0.070118
9106834161,-0.092966,0.977954,0.223882
9106854618,-0.043966,0.830954,0.370882
9106875075,0.005034,0.732954,0.223882
9106895531,0.005034,0.781954,-0.168118
9106915989,-0.092966,0.830954,-0.462118
9106936447,0.103034,0.879954,-0.560118
9106956904,0.103034,0.683954,-0.560118
9106977361,0.054034,0.585954,-0.266118
9106997818,0.054034,0.683954,-0.266118
9107018275,0.250034,0.977954,-0.119118
9107038732,0.201034,0.830954,-0.266118
9107059189,0.250034,0.830954,-0.119118
9107079647,0.201034,0.830954,-0.021118
9107100104,0.201034,0.732954,-0.021118
9107120560,0.348034,0.732954,-0.119118
9107141018,0.348034,0.830954,0.027882
9107161475,0.250034,0.781954,0.027882
9107181932,0.397034,0.879954,-0.021118
9107202393,0.446034,0.830954,-0.070118
9107222846,0.397034,0.879954,-0.217118
9107243301,0.250034,0.732954,-0.364118
9107263758,0.054034,0.634954,-0.315118
9107284214,-0.190966,0.683954,-0.364118
9107304675,-0.190966,0.732954,-0.413118
9107325128,-0.141966,0.928954,-0.119118
9107345584,-0.288966,0.879954,-0.021118
9107366040,-0.043966,0.928954,0.272882
9107386498,0.152034,0.977954,0.370882
9107406955,-0.092966,1.026954,-0.168118
9107427412,-0.337966,0.928954,-1.099118
9107447869,-0.190966,0.536954,-0.952118
9107468326,-0.533966,0.830954,-0.854118
9107488783,-0.288966,1.467954,-0.560118
9107509240,-0.435966,1.614954,0.125882
9107529697,-0.386966,1.467954,0.223882
9107550154,-0.533966,1.320954,0.468882
9107570611,-0.533966,1.124954,0.664882
9107591069,-0.239966,1.026954,0.762882
9107611526,0.103034,1.075954,0.664882
9107631983,0.299034,1.222954,0.713882
9107652442,0.299034,1.173954,0.468882
9107672899,0.299034,1.075954,0.272882
9107693357,0.250034,1.124954,0.370882
9107713815,0.201034,1.271954,0.468882
9107734273,0.103034,1.222954,0.272882
9107754732,0.103034,1.124954,0.272882
9107775191,0.005034,1.026954,0.370882
9107795650,0.054034,1.026954,0.419882
9107816108,0.103034,1.173954,0.272882
9107836565,-0.043966,1.124954,0.076882
9107857023,0.054034,0.977954,0.076882
9107877480,0.103034,1.124954,0.272882
9107897937,0.005034,1.124954,0.419882
9107918394,0.152034,1.222954,0.664882
9107938852,-0.092966,1.173954,0.517882
9107959310,-0.190966,1.320954,0.321882
9107979767,-0.386966,1.320954,0.370882
9108000225,-0.239966,1.124954,0.468882
9108020682,-0.239966,1.320954,0.762882
9108041139,-0.386966,1.320954,0.615882
9108061596,-0.533966,1.222954,0.517882
9108082053,-0.729966,1.320954,0.566882
9108102510,-0.876966,1.369954,0.468882
9108122967,-0.778966,1.565954,0.370882
9108143424,-0.533966,1.565954,0.223882
9108163882,-0.288966,1.369954,-0.070118
9108184339,-0.141966,1.222954,-0.168118
9108204796,-0.141966,1.124954,-0.070118
9108225254,-0.141966,1.173954,-0.021118
9108245711,-0.337966,1.222954,-0.070118
9108266169,-0.386966,1.075954,-0.168118
9108286628,-0.386966,0.879954,0.076882
9108307087,-0.190966,0.928954,-0.168118
9108327544,-0.141966,0.732954,-0.315118
9108348002,-0.043966,0.683954,-0.413118
9108368459,0.152034,0.732954,-0.609118
9108388916,0.348034,0.781954,-0.413118
9108409374,0.446034,0.928954,-0.315118
9108429831,0.446034,0.830954,-0.266118
9108450304,0.544034,0.781954,-0.119118
9108470747,0.397034,0.879954,0.027882
9108491203,0.348034,1.026954,0.125882
9108511660,0.397034,1.026954,0.321882
9108532118,0.348034,0.977954,0.370882
9108552576,0.397034,1.075954,0.419882
9108573031,0.397034,1.222954,0.272882
9108593488,0.348034,1.124954,0.027882
9108613945,0.103034,1.026954,-0.119118
9108634402,0.054034,1.026954,-0.217118
9108654859,0.005034,1.124954,0.076882
9108675316,-0.043966,0.879954,0.468882
9108695773,0.005034,0.977954,0.419882
9108716231,-0.043966,0.977954,0.076882
9108736687,-0.141966,0.977954,-0.266118
9108757144,-0.043966,1.026954,-0.462118
9108777602,0.054034,0.977954,-0.511118
9108798060,0.495034,1.124954,-0.217118
9108818517,0.838034,1.467954,0.811882
9108838974,0.593034,1.173954,0.909882
9108859432,-0.092966,0.634954,-0.413118
9108879890,-0.435966,0.879954,-1.050117
9108900348,-0.288966,0.830954,-0.364118
9108920806,0.152034,1.075954,0.419882
9108941263,0.397034,1.075954,0.223882
9108961720,0.397034,0.928954,-0.609118
9108982178,0.593034,0.683954,-1.050117
9109002636,0.838034,0.438954,-0.903118
9109023094,0.642034,0.389954,-0.756118
9109043551,0.544034,0.438954,-0.560118
9109064008,0.495034,0.683954,-0.119118
9109084465,0.446034,0.585954,-0.021118
9109104922,0.593034,0.683954,0.223882
9109125378,0.544034,0.732954,0.076882
9109145834,0.495034,0.781954,-0.070118
9109166291,0.495034,0.683954,-0.070118
9109186749,0.593034,0.536954,0.076882
9109207206,0.495034,0.536954,0.223882
9109227663,0.446034,0.585954,0.223882
9109248120,0.397034,0.634954,0.272882
9109268577,0.299034,0.585954,0.223882
9109289035,0.348034,0.634954,0.223882
9109309491,0.348034,0.683954,0.321882
9109329948,0.299034,0.585954,0.272882
9109350406,0.495034,0.634954,0.272882
9109370863,0.495034,0.585954,0.321882
9109391319,0.446034,0.634954,0.321882
9109411777,0.446034,0.683954,0.272882
9109432234,0.397034,0.732954,0.321882
9109452691,0.348034,0.732954,0.419882
9109473147,0.348034,0.683954,0.272882
9109493604,0.446034,0.585954,0.321882
9109514061,0.446034,0.634954,0.174882
9109534518,0.544034,0.683954,0.223882
9109554974,0.495034,0.732954,0.272882
9109575431,0.544034,0.732954,0.272882
9109595889,0.544034,0.683954,0.370882
9109616346,0.495034,0.732954,0.321882
9109636802,0.397034,0.683954,0.321882
9109657259,0.495034,0.683954,0.272882
9109677717,0.446034,0.683954,0.370882
9109698175,0.446034,0.634954,0.370882
9109718633,0.397034,0.634954,0.272882
9109739090,0.299034,0.634954,0.321882
9109759548,0.495034,0.683954,0.370882
9109780006,0.446034,0.683954,0.370882
9109800468,0.397034,0.585954,0.272882
9109820922,0.397034,0.634954,0.272882
9109841380,0.397034,0.634954,0.223882
9109861838,0.446034,0.683954,0.321882
9109882297,0.446034,0.683954,0.370882
9109902755,0.397034,0.683954,0.272882
9109923213,0.446034,0.634954,0.272882
9109943671,0.495034,0.683954,0.272882
9109964129,0.495034,0.683954,0.370882
9109984586,0.397034,0.683954,0.370882
9110005044,0.397034,0.830954,0.419882
9110025502,0.397034,0.781954,0.517882
9110045958,0.495034,0.634954,0.664882
9110066416,0.446034,0.585954,0.615882
9110086873,0.348034,0.634954,0.468882
9110107329,0.348034,0.683954,0.272882
9110127786,0.299034,0.585954,0.125882
9110148243,0.201034,0.487954,0.174882
9110168701,0.201034,0.291954,0.272882
9110189158,0.299034,0.291954,0.223882
9110209616,0.250034,0.438954,0.174882
9110230073,0.201034,0.634954,0.125882
9110250530,0.152034,0.879954,0.272882
9110270988,0.348034,0.928954,0.370882
9110291444,0.495034,0.928954,0.566882
9110311901,0.544034,0.781954,0.370882
9110332359,0.446034,1.026954,0.272882
9110352816,0.495034,0.830954,0.125882
9110373273,0.544034,0.781954,0.223882
9110393730,0.446034,0.634954,0.125882
9110414188,0.348034,0.683954,0.125882
9110434645,0.495034,0.585954,0.223882
9110455102,0.544034,0.536954,0.174882
9110475560,0.936034,0.830954,0.125882
9110496018,1.034034,0.830954,0.174882
9110516476,0.691034,0.977954,-0.364118
9110536934,0.593034,0.830954,-0.364118
9110557393,0.495034,0.830954,-0.168118
9110577852,0.348034,0.683954,-0.462118
9110598311,0.642034,0.830954,-0.805118
9110618769,0.887034,1.173954,-0.315118
9110639227,0.740034,0.928954,-0.609118
9110659685,0.348034,1.026954,-1.050117
9110680143,-0.386966,1.369954,-0.952118
9110700601,-0.778966,1.663954,-0.609118
9110721058,-1.219966,1.614954,-0.413118
9110741515,-1.268966,1.663954,-0.266118
9110761973,-1.415966,1.957954,-0.756118
9110782430,-1.905966,1.957954,-0.413118
9110802887,-1.758966,2.398954,-0.560118
9110823344,-2.199966,2.300954,-0.364118
9110843800,-2.052966,2.692954,-1.393118
9110864256,-2.101966,2.937953,-0.315118
9110884713,-2.248966,2.594954,0.468882
9110905169,-1.905966,2.643954,1.154882
9110925626,-1.954966,2.545954,2.379882
9110946083,-1.464966,2.300954,1.546882
9110966541,-1.072966,1.761954,1.056882
9110986998,-0.288966,1.026954,1.203882
9111007456,-0.435966,0.879954,0.713882
9111027912,-0.680966,0.928954,-0.315118
9111048369,-0.337966,1.369954,-0.658118
9111068826,0.103034,0.928954,-0.511118
9111089284,-0.337966,0.536954,-0.511118
9111109741,-0.582966,1.075954,-0.805118
9111130197,-0.876966,1.124954,-0.315118
9111150655,-0.974966,0.879954,0.076882
9111171111,-0.827966,0.879954,0.370882
9111191569,-0.386966,1.124954,0.272882
9111212025,-0.386966,1.369954,0.027882
9111232481,-0.680966,0.928954,-1.197118
9111252938,-1.268966,0.977954,-1.295118
9111273395,-0.337966,1.810954,0.174882
9111293850,-0.827966,1.516954,0.615882
9111314306,-0.876966,1.271954,-0.511118
9111334762,-0.533966,0.830954,-0.511118
9111355218,-1.219966,0.732954,0.076882
9111375675,-1.415966,0.928954,1.301882
9111396132,-0.337966,1.320954,2.232882
9111416588,0.152034,1.271954,1.203882
9111437045,0.348034,0.732954,0.566882
9111457502,0.152034,0.928954,0.664882
9111477959,0.446034,1.712954,1.007882
9111498417,0.201034,1.565954,1.105882
9111518873,-0.092966,1.124954,0.811882
9111539329,-0.239966,1.173954,0.419882
9111559785,0.005034,1.712954,0.762882
9111580241,0.054034,1.369954,1.056882
9111600698,0.005034,1.320954,1.056882
9111621154,-0.288966,1.565954,0.909882
9111641610,-0.484966,1.663954,1.203882
9111662065,-0.729966,1.565954,1.448882
9111682521,-1.170966,1.418954,0.958882
9111702977,-1.219966,1.516954,0.517882
9111723432,-1.317966,1.467954,0.762882
9111743887,-1.219966,1.271954,0.713882
9111764343,-1.415966,1.271954,0.174882
9111784800,-1.562966,1.418954,-0.217118
9111805257,-1.366966,1.565954,0.076882
9111825714,-1.219966,1.467954,-1.099118
9111846171,-1.023966,1.516954,0.076882
9111866626,-1.170966,1.761954,0.272882
9111887081,-1.268966,1.810954,0.027882
9111907538,-1.072966,1.810954,-0.021118
9111927993,-0.631966,1.712954,-0.560118
9111948449,-0.141966,1.418954,-0.756118
9111968905,0.250034,1.369954,-0.560118
9111989377,0.495034,1.271954,-0.560118
9112009818,0.103034,0.634954,-1.393118
9112030274,0.495034,0.389954,-0.462118
9112050729,0.397034,0.830954,-0.070118
9112071187,-0.533966,0.879954,0.076882
9112091648,-1.366966,1.026954,1.007882
9112112100,-0.974966,0.683954,0.860882
9112132557,-0.239966,0.683954,-0.413118
9112153014,0.642034,1.173954,-1.785118
9112173470,1.181033,0.683954,-1.393118
9112193927,0.250034,0.438954,-0.609118
9112214384,-0.435966,0.438954,1.203882
9112234840,-0.337966,1.124954,1.399882
9112255296,-0.092966,1.271954,1.938882
9112275753,0.544034,1.761954,0.419882
9112296210,0.740034,1.663954,-1.099118
9112316667,0.544034,1.222954,-1.148118
9112337123,1.083034,1.222954,0.272882
9112357581,0.103034,0.683954,0.664882
9112378038,-0.778966,0.732954,-0.266118
9112398495,-1.023966,0.781954,0.615882
9112418952,-0.582966,1.222954,-0.070118
9112439408,0.201034,1.565954,-0.413118
9112459865,0.544034,1.565954,-1.344118
9112480323,0.936034,1.124954,-1.883118
9112500780,0.936034,0.830954,-1.344118
9112521239,0.544034,0.536954,-1.540118
9112541697,0.838034,0.879954,-0.560118
9112562155,0.789034,0.781954,0.125882
9112582612,0.544034,0.585954,-0.413118
9112603068,0.397034,0.242954,0.076882
9112623524,0.299034,0.193954,0.419882
9112643980,0.299034,0.585954,0.517882
9112664438,0.250034,0.781954,0.468882
9112684895,0.397034,0.634954,0.272882
9112705353,0.642034,0.487954,0.321882
9112725810,0.593034,0.585954,0.468882
9112746268,0.495034,0.683954,0.468882
9112766725,0.446034,0.781954,0.321882
9112787181,0.446034,0.634954,-0.021118
9112807636,0.544034,0.487954,-0.168118
9112828092,0.495034,0.536954,-0.168118
9112848546,0.397034,0.585954,-0.070118
9112869002,0.446034,0.830954,0.076882
9112889458,0.103034,0.634954,-0.462118
9112909914,0.201034,0.144954,-0.854118
9112930370,-0.680966,0.536954,-1.050117
9112950826,-0.043966,1.124954,-0.364118
9112971281,0.005034,1.369954,-0.168118
9112991738,-0.043966,1.222954,-0.854118
9113012193,-0.631966,1.467954,-1.736118
9113032650,-1.121966,1.565954,-1.981117
9113053104,-1.317966,1.810954,-1.491117
9113073560,-1.513966,2.104954,-1.687118
9113094017,-2.542966,1.908954,-2.079118
9113114474,-3.130966,2.300954,-1.883118
9113134957,-2.885966,3.035954,0.811882
9113155388,-2.591966,2.937953,1.301882
9113175844,-2.101966,3.035954,2.330882
9113196301,-0.337966,1.859954,2.722882
9113216757,-0.043966,1.467954,1.203882
9113237213,-0.435966,1.222954,-0.119118
9113257669,-0.484966,1.124954,0.223882
9113278126,-0.533966,1.222954,0.419882
9113298583,-0.533966,1.075954,0.566882
9113319039,-0.141966,0.879954,0.370882
9113339495,-0.092966,0.683954,-0.021118
9113359952,-0.288966,0.536954,-0.560118
9113380408,-0.484966,0.928954,-0.903118
9113400865,-0.484966,1.026954,-0.952118
9113421321,-0.484966,0.879954,-0.609118
9113441778,-0.337966,0.928954,-0.413118
9113462235,-0.288966,0.928954,-0.315118
9113482691,-0.386966,1.124954,-0.413118
9113503148,-0.533966,1.173954,-0.462118
9113523605,-0.533966,1.173954,-0.266118
9113544062,-0.533966,1.467954,-0.168118
9113564519,-0.386966,1.467954,-0.315118
9113584975,-0.876966,1.075954,-0.413118
9113605432,-1.268966,0.879954,-0.707118
9113625890,-1.170966,1.320954,-0.413118
9113646348,-0.827966,1.075954,-0.119118
9113666805,-1.072966,0.928954,0.027882
9113687263,-1.464966,0.438954,-0.315118
9113707720,-1.268966,1.516954,-0.119118
9113728177,-0.533966,1.810954,0.174882
9113748634,-0.484966,1.467954,1.399882
9113769091,-0.190966,1.026954,1.203882
9113789549,-0.092966,0.536954,0.517882
9113810006,-0.484966,1.075954,0.076882
9113830463,-0.141966,1.712954,0.762882
9113850920,0.397034,1.467954,0.762882
9113871377,0.201034,1.418954,0.566882
9113891835,0.054034,1.369954,0.811882
9113912292,0.152034,1.320954,0.958882
9113932750,0.054034,1.271954,0.615882
9113953207,-0.239966,1.124954,0.370882
9113973664,-0.239966,1.173954,0.272882
9113994122,-0.190966,1.320954,0.468882
9114014578,0.054034,1.320954,0.664882
9114035035,0.103034,1.124954,0.566882
9114055492,-0.043966,1.271954,0.566882
9114075949,-0.043966,1.467954,0.909882
9114096405,-0.190966,1.516954,1.399882
9114116861,-0.337966,1.320954,1.007882
9114137317,-0.533966,1.320954,0.174882
9114157772,-0.778966,1.222954,0.223882
9114178227,-0.974966,1.026954,0.860882
9114198683,-0.827966,1.173954,0.860882
9114219139,-0.680966,1.418954,0.615882
9114239596,-0.631966,1.418954,-0.266118
9114260052,-0.974966,1.173954,0.027882
9114280539,-1.170966,1.418954,0.272882
9114300966,-1.072966,1.614954,0.174882
9114321422,-1.317966,1.859954,0.272882
9114341878,-1.317966,1.663954,-0.168118
9114362334,-1.219966,1.467954,-0.021118
9114382793,-0.680966,1.516954,-0.021118
9114403247,-0.386966,1.663954,-0.560118
9114423704,0.005034,1.271954,-1.638118
9114444161,-0.092966,0.879954,-2.275118
9114464617,0.642034,0.585954,-1.785118
9114485074,1.426034,0.879954,-0.021118
9114505530,0.985034,1.222954,0.174882
9114525986,-0.190966,0.683954,0.958882
9114546443,-0.778966,1.124954,1.938882
9114566902,-0.876966,1.173954,1.203882
9114587359,-0.925966,1.075954,-0.119118
9114607816,-0.337966,1.026954,-0.854118
9114628274,0.691034,0.781954,-1.001118
9114648732,1.034034,0.830954,-1.295118
9114669189,0.789034,0.634954,-1.246118
9114689645,0.348034,0.683954,-0.266118
9114710102,-0.043966,0.585954,0.762882
9114730560,-0.092966,0.830954,1.007882
9114751018,-0.092966,0.830954,0.811882
9114771474,-0.435966,1.026954,0.223882
9114791931,-0.582966,0.928954,0.321882
9114812388,-0.141966,1.271954,0.223882
9114832844,0.495034,1.369954,0.615882
9114853301,1.083034,1.859954,0.860882
9114873758,-0.239966,1.222954,-0.315118
9114894216,-0.827966,0.928954,-0.952118
9114914673,-0.631966,1.075954,-0.609118
9114935130,0.348034,1.516954,-0.021118
9114955587,0.740034,1.467954,-1.001118
9114976043,0.397034,0.732954,-1.883118
9114996501,0.789034,0.585954,-1.883118
9115016958,1.034034,0.683954,-0.756118
9115037414,0.838034,0.536954,-0.315118
9115057872,0.740034,0.683954,-0.266118
9115078329,0.495034,0.585954,-0.168118
9115098786,0.299034,0.438954,0.027882
9115119242,0.446034,0.389954,0.223882
9115139699,0.348034,0.536954,0.321882
9115160156,0.397034,0.732954,0.272882
9115180611,0.397034,0.781954,0.223882
9115201066,0.397034,0.781954,0.272882
9115221523,0.397034,0.830954,0.566882
9115241979,0.397034,0.732954,0.566882
9115262435,0.446034,0.634954,0.468882
9115282891,0.152034,0.732954,0.370882
9115303347,0.201034,0.781954,0.370882
9115323803,0.201034,0.781954,0.419882
9115344260,0.250034,0.732954,0.370882
9115364716,0.201034,0.732954,0.419882
9115385173,0.299034,0.781954,0.419882
9115405630,0.299034,0.781954,0.272882
9115426127,0.201034,0.683954,0.272882
9115446543,0.299034,0.830954,0.272882
9115466999,0.201034,0.879954,0.272882
9115487455,0.152034,0.781954,0.370882
9115507911,0.250034,0.732954,0.321882
9115528368,0.299034,0.732954,0.174882
9115548825,0.348034,0.732954,0.223882
9115569282,0.348034,0.781954,0.125882
9115589738,0.397034,0.781954,0.076882
9115610193,0.397034,0.732954,0.076882
9115630648,0.299034,0.683954,0.174882
9115651103,0.348034,0.634954,0.174882
9115671561,0.250034,0.732954,0.125882
9115692018,0.299034,0.781954,0.272882
9115712475,0.348034,0.732954,0.174882
9115732932,0.250034,0.781954,0.076882
9115753389,0.299034,0.732954,-0.070118
9115773844,0.299034,0.732954,-0.070118
9115794301,0.250034,0.781954,0.076882
9115814758,0.299034,0.781954,0.076882
9115835216,0.299034,0.781954,0.125882
9115855674,0.299034,0.830954,0.125882
9115876131,0.201034,0.781954,0.076882
9115896588,0.299034,0.732954,0.076882
9115917044,0.348034,0.830954,0.027882
9115937500,0.299034,0.830954,-0.168118
9115957956,0.397034,0.781954,-0.217118
9115978414,0.446034,0.781954,0.027882
9115998870,0.593034,0.928954,0.370882
9116019326,0.299034,0.977954,0.174882
9116039782,0.446034,0.928954,0.076882
9116060240,0.397034,0.977954,0.321882
9116080697,0.348034,0.830954,0.321882
9116101155,0.299034,0.683954,0.076882
9116121613,0.250034,0.781954,0.174882
9116142070,0.201034,0.781954,0.125882
9116162528,0.250034,0.781954,0.076882
9116182986,0.250034,0.634954,0.125882
9116203443,0.250034,0.732954,0.174882
9116223901,0.250034,0.830954,0.076882
9116244360,0.299034,0.830954,0.125882
9116264818,0.348034,0.781954,0.076882
9116285275,0.348034,0.732954,0.027882
9116305733,0.250034,0.830954,0.027882
9116326189,0.250034,0.830954,-0.021118
9116346646,0.201034,0.830954,0.027882
9116367104,0.299034,0.732954,0.027882
9116387560,0.250034,0.781954,-0.021118
9116408017,0.250034,0.781954,-0.070118
9116428473,0.201034,0.781954,-0.070118
9116448931,0.250034,0.879954,-0.070118
9116469388,0.348034,0.830954,-0.021118
9116489845,0.250034,0.781954,-0.021118
9116510302,0.397034,0.830954,-0.021118
9116530758,0.299034,0.781954,-0.070118
9116551215,0.299034,0.781954,-0.021118
9116571710,0.348034,0.781954,-0.021118
9116592130,0.348034,0.781954,-0.021118
9116612586,0.250034,0.781954,0.027882
9116633043,0.397034,0.781954,0.027882
9116653499,0.250034,0.781954,-0.021118
9116673957,0.348034,0.830954,-0.070118
9116694414,0.299034,0.781954,-0.021118
9116714872,0.299034,0.830954,0.027882
9116735330,0.250034,0.830954,-0.021118
9116755788,0.299034,0.830954,0.027882
9116776245,0.250034,0.781954,-0.021118
9116796702,0.250034,0.830954,0.027882
9116817162,0.201034,0.830954,0.076882
9116837620,0.201034,0.928954,0.076882
9116858078,0.250034,0.732954,-0.070118
9116878536,0.299034,0.879954,0.027882
9116898993,0.299034,0.732954,-0.070118
9116919450,0.250034,0.830954,-0.021118
9116939907,0.201034,0.830954,-0.021118
9116960364,0.299034,0.781954,-0.021118
9116980821,0.299034,0.781954,0.027882
9117001279,0.348034,0.830954,0.027882
9117021737,0.250034,0.830954,0.027882
9117042194,0.250034,0.781954,-0.021118
9117062651,0.250034,0.781954,-0.119118
9117083109,0.348034,0.830954,-0.119118
9117103566,0.299034,0.781954,-0.070118
9117124023,0.250034,0.830954,-0.021118
9117144480,0.299034,0.830954,-0.021118
9117164937,0.348034,0.732954,-0.021118
9117185393,0.348034,0.781954,0.027882
9117205850,0.299034,0.781954,0.027882
9117226305,0.397034,0.634954,-0.070118
9117246761,0.348034,0.634954,-0.070118
9117267217,0.299034,0.781954,0.027882
9117287672,0.348034,0.879954,0.027882
9117308129,0.299034,0.781954,0.076882
9117328585,0.201034,0.732954,0.076882
9117349041,0.250034,0.781954,-0.021118
9117369499,0.299034,0.879954,0.027882
9117389955,0.250034,0.879954,0.076882
9117410411,0.299034,0.879954,0.027882
9117430868,0.299034,0.879954,0.076882
9117451324,0.299034,0.879954,0.076882
9117471780,0.250034,0.781954,0.027882
9117492236,0.299034,0.879954,-0.070118
9117512693,0.250034,0.830954,-0.021118
9117533149,0.299034,0.830954,0.027882
9117553605,0.250034,0.781954,-0.070118
9117574062,0.201034,0.830954,-0.021118
9117594518,0.250034,0.830954,-0.021118
9117614975,0.299034,0.830954,-0.021118
9117635432,0.250034,0.879954,-0.119118
9117655889,0.299034,0.781954,-0.119118
9117676346,0.201034,0.830954,-0.070118
9117696803,0.250034,0.830954,-0.070118
9117717283,0.250034,0.732954,-0.070118
9117737717,0.250034,0.830954,-0.070118
9117758174,0.152034,0.879954,0.027882
